id,first_name,last_name,email,gender,ip_address
1,Elmira,Janson,ejanson0@csmonitor.com,Female,213.97.220.52
2,Powell,Cargill,pcargill1@indiatimes.com,Male,158.186.214.26
3,Tiphany,Pattinson,tpattinson2@vkontakte.ru,Female,69.10.134.106
4,Skipp,Tatteshall,statteshall3@nba.com,Male,7.11.22.135
5,Noellyn,Stansall,nstansall4@google.it,Female,71.225.22.107
6,Sherie,Ower,sower5@cdbaby.com,Female,46.146.150.16
7,Dion,Jerrolt,djerrolt6@surveymonkey.com,Male,26.237.188.151
8,Sada,Ducker,sducker7@simplemachines.org,Female,241.62.46.243
9,Leontyne,Diggons,ldiggons8@constantcontact.com,Female,153.227.25.208
10,Theodosia,Cleeves,tcleeves9@1und1.de,Female,148.169.38.66
11,Alix,Stiffell,astiffella@wufoo.com,Female,94.245.51.205
12,Joell,Pundy,jpundyb@washington.edu,Female,124.38.131.231
13,Clifford,McEntegart,cmcentegartc@photobucket.com,Male,17.134.235.217
14,Staffard,Artinstall,sartinstalld@xing.com,Male,209.150.232.245
15,Ivory,Nolin,inoline@thetimes.co.uk,Female,64.82.143.241
16,Jaynell,St Leger,jstlegerf@statcounter.com,Female,145.221.2.58
17,Rickert,Crane,rcraneg@aboutads.info,Male,178.245.118.49
18,Dennie,Waterhowse,dwaterhowseh@umn.edu,Female,96.172.32.192
19,Frayda,Knath,fknathi@rakuten.co.jp,Female,199.184.195.232
20,Roxana,Streather,rstreatherj@woothemes.com,Female,33.89.235.47
21,Gwendolyn,Andren,gandrenk@ustream.tv,Female,244.242.1.240
22,Akim,Maberley,amaberleyl@github.io,Male,252.233.76.117
23,Aurelia,Rowat,arowatm@e-recht24.de,Female,204.182.191.28
24,Berne,Bownes,bbownesn@miibeian.gov.cn,Male,199.45.127.45
25,Rene,Fowlestone,rfowlestoneo@google.pl,Female,218.106.101.144
26,Sherline,Bridal,sbridalp@wikia.com,Female,193.228.172.178
27,Goldie,Simnett,gsimnettq@npr.org,Female,139.39.100.59
28,Lloyd,Wakefield,lwakefieldr@dmoz.org,Male,205.112.77.64
29,Eliot,Mico,emicos@google.pl,Male,12.207.30.164
30,Antonio,Leavy,aleavyt@histats.com,Male,234.26.179.76
31,Bink,Magovern,bmagovernu@hc360.com,Male,8.146.5.49
32,Terri-jo,Cherry,tcherryv@oaic.gov.au,Female,197.205.183.175
33,Odie,Candish,ocandishw@google.co.uk,Male,143.13.115.233
34,Keene,Brigshaw,kbrigshawx@icio.us,Male,73.113.30.66
35,Josias,Chiese,jchiesey@senate.gov,Male,45.47.219.145
36,Merrel,Woodnutt,mwoodnuttz@intel.com,Male,133.126.181.207
37,Raye,Heinlein,rheinlein10@linkedin.com,Female,163.97.122.254
38,Susan,Saur,ssaur11@taobao.com,Female,137.227.149.246
39,Bat,Skim,bskim12@time.com,Male,197.87.56.14
40,Verile,Bosche,vbosche13@cnbc.com,Female,143.5.199.252
41,Sylvia,Francescuzzi,sfrancescuzzi14@artisteer.com,Female,215.9.186.203
42,Sophia,Spiers,sspiers15@nhs.uk,Female,206.14.53.41
43,Marlane,La Vigne,mlavigne16@earthlink.net,Female,232.196.166.56
44,Fredrika,Dicker,fdicker17@barnesandnoble.com,Female,22.52.187.168
45,Merralee,Aberkirdo,maberkirdo18@bloglovin.com,Female,202.3.255.47
46,Gino,de Savery,gdesavery19@bbc.co.uk,Male,229.181.220.66
47,Annabell,Flancinbaum,aflancinbaum1a@wikia.com,Female,126.204.131.19
48,Brade,Winwood,bwinwood1b@ask.com,Male,169.35.214.113
49,Oran,Diano,odiano1c@elpais.com,Male,7.190.168.4
50,Tyne,Verbruggen,tverbruggen1d@clickbank.net,Female,141.241.9.91
51,Vivie,Tigwell,vtigwell1e@wp.com,Female,140.173.237.163
52,Thor,Caughan,tcaughan1f@issuu.com,Male,120.65.13.215
53,Cort,Eade,ceade1g@msn.com,Male,102.18.230.152
54,Rosette,McVrone,rmcvrone1h@slashdot.org,Female,122.244.238.56
55,Hyman,Savage,hsavage1i@rediff.com,Male,199.64.176.21
56,Worden,Stenners,wstenners1j@imgur.com,Male,69.227.101.137
57,Evy,Prendergrass,eprendergrass1k@unicef.org,Female,39.84.184.203
58,Carmita,Dytham,cdytham1l@goodreads.com,Female,174.66.185.116
59,Gwynne,Wallice,gwallice1m@utexas.edu,Female,189.205.23.247
60,Angelina,Lambersen,alambersen1n@goodreads.com,Female,213.69.172.124
61,Piper,Hamer,phamer1o@naver.com,Female,181.54.202.185
62,Haleigh,Paulusch,hpaulusch1p@purevolume.com,Male,78.222.7.219
63,Erminie,Elener,eelener1q@china.com.cn,Female,201.62.154.4
64,Wells,Clearie,wclearie1r@bravesites.com,Male,135.186.66.3
65,Mendel,Bertome,mbertome1s@zimbio.com,Male,73.168.200.148
66,Dierdre,Skellern,dskellern1t@histats.com,Female,17.221.250.62
67,Marguerite,Linnett,mlinnett1u@uol.com.br,Female,247.231.50.206
68,Madelina,Kellog,mkellog1v@photobucket.com,Female,201.67.117.248
69,Wheeler,Cream,wcream1w@fastcompany.com,Male,130.61.28.118
70,Del,Medendorp,dmedendorp1x@cbsnews.com,Male,7.86.40.62
71,Sibel,Klaiser,sklaiser1y@engadget.com,Female,33.30.98.207
72,Irina,Fisby,ifisby1z@jugem.jp,Female,42.225.16.223
73,Dicky,Bertson,dbertson20@joomla.org,Male,231.134.113.162
74,Cletis,Lyal,clyal21@ebay.co.uk,Male,182.27.44.127
75,Celina,Gallier,cgallier22@jugem.jp,Female,95.4.4.138
76,Berne,Ivantyev,bivantyev23@istockphoto.com,Male,224.185.122.29
77,Keane,Jendrich,kjendrich24@twitpic.com,Male,114.240.250.148
78,Mohammed,Gore,mgore25@globo.com,Male,184.230.240.89
79,Lock,Farnan,lfarnan26@ask.com,Male,38.135.179.28
80,Bibi,Joule,bjoule27@seattletimes.com,Female,200.34.135.49
81,Tiffani,Brinkler,tbrinkler28@theglobeandmail.com,Female,157.136.200.229
82,Harry,Martinovic,hmartinovic29@mapquest.com,Male,66.13.137.189
83,Bertrando,Jans,bjans2a@mysql.com,Male,113.132.64.20
84,Dolf,Drewett,ddrewett2b@woothemes.com,Male,19.213.199.220
85,Effie,Shickle,eshickle2c@tuttocitta.it,Female,4.177.173.20
86,Olivie,Sheddan,osheddan2d@example.com,Female,198.223.232.130
87,Billie,Pingstone,bpingstone2e@vistaprint.com,Male,172.42.88.189
88,Rora,Dumbleton,rdumbleton2f@fastcompany.com,Female,62.120.131.17
89,Trista,Kilbey,tkilbey2g@google.it,Female,74.53.97.64
90,Hermione,Jeffcock,hjeffcock2h@ezinearticles.com,Female,190.85.87.47
91,Ravid,Kix,rkix2i@miitbeian.gov.cn,Male,126.60.246.251
92,Hermia,Sugg,hsugg2j@tinyurl.com,Female,142.226.249.255
93,Sarah,Antognelli,santognelli2k@pbs.org,Female,181.72.170.98
94,Helena,Golborn,hgolborn2l@is.gd,Female,171.51.252.1
95,Buffy,Delgadillo,bdelgadillo2m@trellian.com,Female,12.78.4.178
96,Hubert,Klaas,hklaas2n@auda.org.au,Male,102.133.12.75
97,Nickolai,Ranking,nranking2o@hhs.gov,Male,181.77.141.166
98,Yolanthe,Fardy,yfardy2p@scribd.com,Female,224.123.244.4
99,Noble,Schall,nschall2q@wordpress.com,Male,176.45.125.45
100,Billye,Francecione,bfrancecione2r@spotify.com,Female,10.214.211.93
101,Cesaro,Geck,cgeck2s@list-manage.com,Male,180.195.217.126
102,Nickolaus,Bockmaster,nbockmaster2t@walmart.com,Male,52.78.25.202
103,Orren,Haveline,ohaveline2u@about.me,Male,105.87.103.197
104,Jamison,Hellard,jhellard2v@naver.com,Male,144.139.233.228
105,Wells,Reville,wreville2w@scientificamerican.com,Male,121.230.118.16
106,Sinclair,Crus,scrus2x@marketwatch.com,Male,46.4.129.213
107,Titos,Melanaphy,tmelanaphy2y@freewebs.com,Male,241.98.126.42
108,Antin,Parradye,aparradye2z@lycos.com,Male,188.239.63.41
109,Karil,Sibson,ksibson30@paypal.com,Female,122.226.22.96
110,Anica,Guise,aguise31@noaa.gov,Female,11.90.196.186
111,Jamaal,Druce,jdruce32@1688.com,Male,238.188.237.79
112,Dolorita,Jime,djime33@xrea.com,Female,199.187.158.156
113,Colby,Dhennin,cdhennin34@dot.gov,Male,214.229.140.245
114,Amanda,Cavee,acavee35@t-online.de,Female,15.233.111.152
115,Rana,Kinney,rkinney36@t-online.de,Female,7.180.196.173
116,Tyler,Enriques,tenriques37@yolasite.com,Male,110.12.115.29
117,Gabe,Stirley,gstirley38@woothemes.com,Male,225.188.179.157
118,Cass,McPartling,cmcpartling39@vkontakte.ru,Male,254.150.248.27
119,Solomon,Baccus,sbaccus3a@dagondesign.com,Male,36.98.198.119
120,Torey,Bloss,tbloss3b@networksolutions.com,Male,29.124.103.53
121,Rafa,Meeking,rmeeking3c@hp.com,Female,164.164.244.45
122,Keith,Camel,kcamel3d@wsj.com,Male,56.46.134.45
123,Christoforo,Berriball,cberriball3e@sbwire.com,Male,137.231.78.136
124,Bearnard,Kirdsch,bkirdsch3f@goo.ne.jp,Male,81.39.148.139
125,Domini,Gormley,dgormley3g@biglobe.ne.jp,Female,166.2.196.154
126,Denise,Etteridge,detteridge3h@yelp.com,Female,55.228.27.226
127,Dieter,Tutin,dtutin3i@mashable.com,Male,126.114.26.198
128,Henri,Coughtrey,hcoughtrey3j@stumbleupon.com,Male,178.26.241.22
129,Willy,Gally,wgally3k@homestead.com,Male,106.7.14.144
130,Dov,Inchboard,dinchboard3l@dropbox.com,Male,39.44.102.2
131,Tabbie,Keilloh,tkeilloh3m@flickr.com,Male,195.143.253.56
132,Prue,O'Fearguise,pofearguise3n@liveinternet.ru,Female,52.151.49.225
133,Errol,Jackett,ejackett3o@nhs.uk,Male,48.78.253.237
134,Oswell,Aaronson,oaaronson3p@businessweek.com,Male,66.203.161.184
135,Trefor,Raynor,traynor3q@yahoo.com,Male,46.42.249.179
136,Hamish,Patten,hpatten3r@linkedin.com,Male,148.99.111.235
137,Ware,Langfitt,wlangfitt3s@weibo.com,Male,126.64.228.61
138,Elliot,Charpling,echarpling3t@squarespace.com,Male,109.19.75.46
139,Kasper,Reisin,kreisin3u@comcast.net,Male,182.73.32.117
140,Granger,Gilloran,ggilloran3v@dot.gov,Male,15.94.78.161
141,Rhonda,Poxon,rpoxon3w@miitbeian.gov.cn,Female,50.129.29.51
142,Gabe,Crush,gcrush3x@xing.com,Male,113.88.121.39
143,Skell,Montacute,smontacute3y@salon.com,Male,64.119.101.84
144,Beatriz,MacNeill,bmacneill3z@csmonitor.com,Female,203.240.95.74
145,Arri,Beeton,abeeton40@ameblo.jp,Male,176.20.45.4
146,Renado,Blitz,rblitz41@home.pl,Male,219.163.147.37
147,Raquel,Caveill,rcaveill42@theguardian.com,Female,96.161.230.140
148,Corina,Chiddy,cchiddy43@jalbum.net,Female,7.10.45.49
149,Veronica,Van Leijs,vvanleijs44@ameblo.jp,Female,214.6.45.242
150,Bernardo,Reimer,breimer45@mediafire.com,Male,142.204.38.249
151,Nickie,Doughill,ndoughill46@mashable.com,Male,121.114.176.184
152,Torrie,Ayllett,tayllett47@hc360.com,Female,194.136.31.67
153,Padraig,Chalmers,pchalmers48@elegantthemes.com,Male,10.185.88.134
154,Sybyl,Moye,smoye49@google.co.jp,Female,79.157.26.165
155,Hadleigh,Howlett,hhowlett4a@stanford.edu,Male,161.164.108.177
156,Caspar,Devote,cdevote4b@wired.com,Male,84.69.212.13
157,Carlin,Whyke,cwhyke4c@jimdo.com,Female,7.143.23.108
158,Raf,Blundell,rblundell4d@photobucket.com,Female,212.228.86.19
159,Hollyanne,Rontree,hrontree4e@wix.com,Female,171.246.211.187
160,Molly,Goodliffe,mgoodliffe4f@plala.or.jp,Female,210.169.211.65
161,Ruthann,Jurasz,rjurasz4g@example.com,Female,88.119.7.107
162,Thibaut,Petel,tpetel4h@goo.ne.jp,Male,238.108.79.37
163,Serge,Littlewood,slittlewood4i@ustream.tv,Male,7.46.44.217
164,Shem,Sheahan,ssheahan4j@youtube.com,Male,62.239.45.38
165,Farrah,Lidden,flidden4k@163.com,Female,84.120.24.178
166,Gideon,Comport,gcomport4l@newyorker.com,Male,6.234.150.82
167,Bebe,Crookshank,bcrookshank4m@accuweather.com,Female,157.55.132.1
168,Gaston,Coulthart,gcoulthart4n@jugem.jp,Male,129.226.173.247
169,Bevin,Deex,bdeex4o@marketwatch.com,Male,16.137.3.188
170,Codie,Gillie,cgillie4p@canalblog.com,Female,6.144.113.21
171,Jamey,Everingham,jeveringham4q@hatena.ne.jp,Male,19.165.202.248
172,Todd,Ratazzi,tratazzi4r@1688.com,Male,114.202.4.47
173,Paxton,Adamolli,padamolli4s@huffingtonpost.com,Male,197.37.161.119
174,Lotty,Follows,lfollows4t@ameblo.jp,Female,169.223.24.252
175,Terry,Pilmer,tpilmer4u@scientificamerican.com,Female,220.70.93.217
176,Sergei,Esseby,sesseby4v@ebay.com,Male,89.120.1.63
177,Elvis,Crinidge,ecrinidge4w@drupal.org,Male,105.158.56.124
178,Carine,Matthews,cmatthews4x@ibm.com,Female,17.85.251.47
179,Evelyn,Paice,epaice4y@opensource.org,Female,52.167.125.121
180,Chicky,Mehaffey,cmehaffey4z@mediafire.com,Male,58.115.56.171
181,Benni,Runnalls,brunnalls50@4shared.com,Female,105.200.161.179
182,Lilith,Areles,lareles51@friendfeed.com,Female,225.91.211.83
183,Adorne,Bolam,abolam52@behance.net,Female,121.4.48.35
184,Abelard,Bagenal,abagenal53@google.fr,Male,134.0.166.237
185,Meyer,Pilger,mpilger54@feedburner.com,Male,53.93.220.56
186,Catrina,Vala,cvala55@loc.gov,Female,186.84.204.54
187,Lucian,Giottoi,lgiottoi56@rambler.ru,Male,130.31.181.248
188,Godfrey,Pllu,gpllu57@fda.gov,Male,86.168.121.152
189,Winonah,Bazek,wbazek58@cafepress.com,Female,231.99.204.27
190,Stillman,Mowat,smowat59@mediafire.com,Male,143.13.64.50
191,Kamilah,Abramchik,kabramchik5a@admin.ch,Female,27.52.209.162
192,Hans,Pellett,hpellett5b@shop-pro.jp,Male,158.158.56.26
193,Josee,Championnet,jchampionnet5c@csmonitor.com,Female,211.132.215.101
194,Rancell,Piser,rpiser5d@europa.eu,Male,200.114.12.207
195,Adria,Clemitt,aclemitt5e@imageshack.us,Female,2.123.30.245
196,Georgina,Barrar,gbarrar5f@alexa.com,Female,71.167.22.56
197,Leeland,Primrose,lprimrose5g@pcworld.com,Male,38.78.67.215
198,Fanya,Wingfield,fwingfield5h@bbc.co.uk,Female,3.20.52.92
199,Papageno,Franseco,pfranseco5i@xing.com,Male,168.247.58.157
200,Randee,Calderon,rcalderon5j@sitemeter.com,Female,203.201.24.230
201,Mora,Truckett,mtruckett5k@answers.com,Female,5.197.40.107
202,Isaiah,Swindall,iswindall5l@sohu.com,Male,200.167.103.246
203,Inez,Bleackley,ibleackley5m@shareasale.com,Female,68.142.183.162
204,Consuela,Coleshill,ccoleshill5n@marriott.com,Female,3.154.72.137
205,Sean,Sheardown,ssheardown5o@biglobe.ne.jp,Male,155.50.93.49
206,Sunshine,Moon,smoon5p@noaa.gov,Female,248.112.43.172
207,Clarine,Cackett,ccackett5q@imdb.com,Female,128.139.52.241
208,Rozamond,Kopje,rkopje5r@cdc.gov,Female,237.235.55.235
209,Kaine,Corradino,kcorradino5s@wikispaces.com,Male,44.102.56.98
210,Tanney,Brocklebank,tbrocklebank5t@cyberchimps.com,Male,219.47.10.182
211,Tamqrah,McDoual,tmcdoual5u@seattletimes.com,Female,15.177.110.203
212,Jewell,Longega,jlongega5v@etsy.com,Female,141.110.59.67
213,Pete,Gleadle,pgleadle5w@admin.ch,Male,158.161.78.82
214,Hadley,Loch,hloch5x@walmart.com,Male,209.100.90.226
215,Pauly,Escot,pescot5y@livejournal.com,Male,226.222.165.69
216,Rosa,Kyncl,rkyncl5z@google.com,Female,139.24.75.142
217,Markos,Babalola,mbabalola60@t-online.de,Male,240.245.17.72
218,John,MacCook,jmaccook61@liveinternet.ru,Male,16.159.154.116
219,Yvon,Glavis,yglavis62@about.com,Male,219.33.206.187
220,Peta,Theobald,ptheobald63@bbc.co.uk,Female,48.120.166.4
221,Britney,Whitta,bwhitta64@163.com,Female,106.162.192.10
222,Calypso,Mullinder,cmullinder65@webs.com,Female,155.195.203.100
223,Myrilla,Seekings,mseekings66@yellowbook.com,Female,35.251.107.224
224,Koren,Collaton,kcollaton67@wikipedia.org,Female,118.5.131.117
225,Dalston,Hundall,dhundall68@springer.com,Male,146.92.126.167
226,Rochella,Hylden,rhylden69@spiegel.de,Female,244.34.83.2
227,Lina,Giraux,lgiraux6a@who.int,Female,91.242.203.77
228,Gregorio,Gaydon,ggaydon6b@ted.com,Male,193.249.167.216
229,Kathe,Cunningham,kcunningham6c@bloglines.com,Female,156.73.39.255
230,Lewie,Millhill,lmillhill6d@freewebs.com,Male,87.103.198.232
231,Franchot,MacPaike,fmacpaike6e@ucoz.com,Male,139.55.196.147
232,Janette,Toffler,jtoffler6f@buzzfeed.com,Female,143.187.228.99
233,Laurens,Fussie,lfussie6g@pbs.org,Male,26.83.163.30
234,Kilian,Powell,kpowell6h@geocities.jp,Male,213.90.147.224
235,Ki,Duchesne,kduchesne6i@google.ru,Female,189.156.124.15
236,Reba,Scarf,rscarf6j@patch.com,Female,95.227.122.182
237,Stacie,Egdal,segdal6k@de.vu,Female,200.45.89.208
238,Krystyna,Semeniuk,ksemeniuk6l@paypal.com,Female,205.254.18.39
239,Loren,Wrenn,lwrenn6m@usgs.gov,Male,108.233.94.153
240,Elton,Pinsent,epinsent6n@narod.ru,Male,165.86.81.97
241,Leontyne,Lodin,llodin6o@bigcartel.com,Female,197.247.25.155
242,Devinne,Mapham,dmapham6p@hhs.gov,Female,114.242.143.119
243,Carly,Hyder,chyder6q@de.vu,Male,251.132.123.249
244,Fan,Ballantine,fballantine6r@state.tx.us,Female,147.221.236.97
245,Ara,Fardoe,afardoe6s@ed.gov,Female,41.248.24.170
246,Orazio,MacDermott,omacdermott6t@pcworld.com,Male,28.155.185.121
247,Timofei,Gatheral,tgatheral6u@businesswire.com,Male,175.169.65.73
248,Gradeigh,Spikins,gspikins6v@techcrunch.com,Male,189.254.146.213
249,Halsy,Collymore,hcollymore6w@dyndns.org,Male,157.149.47.22
250,Barr,Eilers,beilers6x@cornell.edu,Male,101.196.239.221
251,Essy,Petters,epetters6y@google.cn,Female,197.44.189.248
252,Jonas,Gillcrist,jgillcrist6z@geocities.com,Male,72.221.177.123
253,Tiertza,Vivian,tvivian70@slashdot.org,Female,142.143.235.247
254,Loy,Dyott,ldyott71@livejournal.com,Male,192.88.134.138
255,Jesus,Rubens,jrubens72@imdb.com,Male,136.234.216.61
256,Josephina,Izkovici,jizkovici73@gizmodo.com,Female,212.84.45.35
257,Dalt,Heintsch,dheintsch74@tripod.com,Male,74.93.57.33
258,Gianna,Wetton,gwetton75@weather.com,Female,153.161.11.69
259,Sonny,Larrosa,slarrosa76@godaddy.com,Female,153.104.41.117
260,Duke,Brissard,dbrissard77@yahoo.co.jp,Male,121.147.32.21
261,Gaylord,Prandin,gprandin78@nih.gov,Male,169.126.220.94
262,Anatol,Giacaponi,agiacaponi79@omniture.com,Male,229.182.225.7
263,Kitty,Berzons,kberzons7a@bloglovin.com,Female,196.22.8.155
264,Cassi,Whitrod,cwhitrod7b@zimbio.com,Female,44.144.239.15
265,Des,Killingworth,dkillingworth7c@nature.com,Male,21.84.66.102
266,Ethelda,Takos,etakos7d@phpbb.com,Female,49.178.132.225
267,Nonah,Dorber,ndorber7e@patch.com,Female,43.80.239.52
268,Lavinie,Sindell,lsindell7f@dmoz.org,Female,62.111.89.165
269,Mata,Helm,mhelm7g@mozilla.com,Male,13.3.251.253
270,Daffi,Prinne,dprinne7h@weibo.com,Female,142.11.15.142
271,Thor,Linning,tlinning7i@nbcnews.com,Male,158.248.55.177
272,Daven,Kollaschek,dkollaschek7j@csmonitor.com,Male,136.78.178.73
273,Beauregard,Tours,btours7k@nytimes.com,Male,244.233.5.111
274,Simonette,McReedy,smcreedy7l@taobao.com,Female,215.245.98.109
275,Bondy,Lerway,blerway7m@wikia.com,Male,253.184.201.146
276,Krispin,Corbally,kcorbally7n@furl.net,Male,120.81.12.207
277,Frederigo,Savatier,fsavatier7o@timesonline.co.uk,Male,193.142.221.210
278,Sisile,Annets,sannets7p@wp.com,Female,175.4.147.67
279,Netta,Akram,nakram7q@usda.gov,Female,172.249.244.236
280,Toinette,Innman,tinnman7r@bloglines.com,Female,120.172.243.241
281,Ellery,Millson,emillson7s@blog.com,Male,190.162.148.212
282,Gannie,Andell,gandell7t@acquirethisname.com,Male,254.255.9.163
283,Davidde,Mayler,dmayler7u@webnode.com,Male,114.122.175.240
284,Elisabet,Palphreyman,epalphreyman7v@geocities.com,Female,252.190.183.44
285,Conchita,Skitteral,cskitteral7w@yellowbook.com,Female,178.54.216.45
286,Merrill,MacWhirter,mmacwhirter7x@gmpg.org,Female,253.180.87.85
287,Antoinette,Ephgrave,aephgrave7y@walmart.com,Female,215.211.178.213
288,Leland,Reoch,lreoch7z@umich.edu,Female,60.100.97.198
289,Mitch,Burbage,mburbage80@usda.gov,Male,130.221.73.196
290,Harcourt,Volonte,hvolonte81@sbwire.com,Male,208.86.148.189
291,Dani,Doyle,ddoyle82@microsoft.com,Male,40.202.76.144
292,Kile,Gwilliams,kgwilliams83@amazon.co.jp,Male,56.245.228.60
293,Hew,Pancoust,hpancoust84@java.com,Male,237.45.157.41
294,Patric,Bertelet,pbertelet85@alexa.com,Male,45.40.3.112
295,Buckie,Perrins,bperrins86@macromedia.com,Male,31.41.129.120
296,Claretta,Kibby,ckibby87@bizjournals.com,Female,138.212.163.128
297,Floris,Palphreyman,fpalphreyman88@mayoclinic.com,Female,16.154.109.245
298,Cal,Avrahamof,cavrahamof89@wikipedia.org,Male,132.90.92.124
299,Goldarina,Fassman,gfassman8a@imgur.com,Female,35.220.71.54
300,Lauren,Kaley,lkaley8b@npr.org,Male,98.234.78.198
301,Niall,Paget,npaget8c@theguardian.com,Male,240.244.170.48
302,Norene,Tinmouth,ntinmouth8d@histats.com,Female,237.28.242.245
303,Hewie,Christmas,hchristmas8e@ft.com,Male,196.52.131.75
304,Winslow,Havock,whavock8f@soundcloud.com,Male,138.147.151.121
305,Jayme,L'argent,jlargent8g@networkadvertising.org,Male,88.68.121.215
306,Jillana,Mc Mechan,jmcmechan8h@arstechnica.com,Female,83.48.240.213
307,Meridel,Heineke,mheineke8i@opera.com,Female,157.20.98.91
308,Teador,Test,ttest8j@163.com,Male,247.53.37.1
309,Timothea,Curnokk,tcurnokk8k@redcross.org,Female,204.78.40.53
310,Cazzie,Antoniades,cantoniades8l@gravatar.com,Male,95.5.223.253
311,Koren,Betjeman,kbetjeman8m@twitpic.com,Female,77.201.136.97
312,Erroll,Koppelmann,ekoppelmann8n@gnu.org,Male,75.224.195.121
313,Lyn,Kesterton,lkesterton8o@reverbnation.com,Male,63.68.138.7
314,Didi,Schermick,dschermick8p@blogs.com,Female,50.78.39.124
315,Selina,Junkin,sjunkin8q@delicious.com,Female,217.38.93.177
316,Faulkner,Shirtcliffe,fshirtcliffe8r@shareasale.com,Male,241.13.226.211
317,Kalil,Gorsse,kgorsse8s@fema.gov,Male,152.31.52.184
318,Max,Rassell,mrassell8t@nymag.com,Female,106.98.75.214
319,Aluin,Petracek,apetracek8u@google.fr,Male,109.88.79.24
320,Delcina,Wornham,dwornham8v@blinklist.com,Female,12.22.185.170
321,Raleigh,Reddel,rreddel8w@posterous.com,Male,29.41.106.250
322,Carlie,Kohneke,ckohneke8x@nhs.uk,Male,99.151.43.141
323,Bendick,Shaudfurth,bshaudfurth8y@free.fr,Male,107.124.162.222
324,Roderick,Hughes,rhughes8z@naver.com,Male,240.147.46.228
325,Vickie,O'Mullally,vomullally90@hubpages.com,Female,185.179.37.78
326,Pepito,Bastow,pbastow91@chronoengine.com,Male,85.224.205.81
327,Nertie,Ondrak,nondrak92@seesaa.net,Female,40.225.220.218
328,Marlo,Enriquez,menriquez93@sakura.ne.jp,Male,163.129.193.199
329,Marion,Cook,mcook94@desdev.cn,Male,176.169.51.174
330,Annabel,Meagher,ameagher95@wunderground.com,Female,25.12.126.122
331,Zolly,Pitfield,zpitfield96@mayoclinic.com,Male,202.40.201.48
332,Christine,Aspinell,caspinell97@aol.com,Female,200.165.90.59
333,Preston,Di Giorgio,pdigiorgio98@e-recht24.de,Male,45.77.63.2
334,Julee,Elgram,jelgram99@thetimes.co.uk,Female,39.3.76.12
335,Janetta,McCombe,jmccombe9a@wordpress.com,Female,16.244.60.177
336,Will,Atling,watling9b@google.cn,Male,188.55.253.112
337,Erina,Ullock,eullock9c@salon.com,Female,140.198.168.46
338,Neil,Goodwins,ngoodwins9d@google.com.br,Male,191.115.163.220
339,Zachariah,Quincee,zquincee9e@paginegialle.it,Male,236.241.218.139
340,Valeda,Tolomei,vtolomei9f@discovery.com,Female,28.12.227.131
341,Letizia,Trassler,ltrassler9g@seattletimes.com,Female,254.114.16.129
342,Ada,Bichener,abichener9h@indiegogo.com,Female,228.112.41.220
343,Zilvia,Cossum,zcossum9i@miibeian.gov.cn,Female,208.231.128.31
344,Sonny,Buckby,sbuckby9j@ehow.com,Female,210.192.48.20
345,Taylor,Kindley,tkindley9k@mail.ru,Male,212.255.146.99
346,Dani,Bugden,dbugden9l@1688.com,Male,199.204.231.43
347,Dwayne,Allawy,dallawy9m@wufoo.com,Male,224.151.94.202
348,Warner,Gabbetis,wgabbetis9n@digg.com,Male,223.193.185.181
349,Cyrus,Ammer,cammer9o@berkeley.edu,Male,126.68.113.85
350,Lief,Sayes,lsayes9p@reuters.com,Male,116.103.27.158
351,Josepha,Tizzard,jtizzard9q@phpbb.com,Female,183.93.45.32
352,Ludovika,Cypler,lcypler9r@sciencedaily.com,Female,83.84.123.165
353,Halley,Cowburn,hcowburn9s@salon.com,Female,36.138.117.174
354,Marlyn,Jacobsen,mjacobsen9t@buzzfeed.com,Female,214.240.56.200
355,Titos,Olivari,tolivari9u@so-net.ne.jp,Male,86.51.223.158
356,Lise,Clemanceau,lclemanceau9v@wsj.com,Female,2.222.46.98
357,Bale,McHan,bmchan9w@army.mil,Male,226.216.131.23
358,Mariele,Synke,msynke9x@privacy.gov.au,Female,13.105.63.204
359,Fenelia,Learned,flearned9y@angelfire.com,Female,94.128.197.170
360,Marna,Crellim,mcrellim9z@acquirethisname.com,Female,185.201.150.217
361,Hobie,Behnen,hbehnena0@cdc.gov,Male,214.2.231.176
362,Erinna,Behagg,ebehagga1@hexun.com,Female,56.75.64.51
363,Tremain,Kislingbury,tkislingburya2@ask.com,Male,238.200.228.18
364,Walker,Worsnup,wworsnupa3@businessinsider.com,Male,62.209.169.211
365,Anabal,Betancourt,abetancourta4@histats.com,Female,250.235.168.191
366,Jo-ann,Dungee,jdungeea5@google.it,Female,227.81.231.98
367,Lemmy,Drever,ldrevera6@ycombinator.com,Male,9.154.92.244
368,Estevan,Baudouin,ebaudouina7@umich.edu,Male,87.221.55.67
369,Jeno,Coniff,jconiffa8@usda.gov,Male,174.132.48.87
370,Worthy,Cay,wcaya9@paginegialle.it,Male,140.193.95.241
371,Alex,Waggatt,awaggattaa@linkedin.com,Male,0.197.150.126
372,Adams,Donnersberg,adonnersbergab@pagesperso-orange.fr,Male,29.98.116.5
373,Jacintha,Gadsdon,jgadsdonac@purevolume.com,Female,245.167.38.91
374,Goldi,Walczynski,gwalczynskiad@tripadvisor.com,Female,68.29.230.42
375,Justino,Toffler,jtofflerae@sourceforge.net,Male,243.117.239.117
376,Phineas,Darth,pdarthaf@springer.com,Male,225.112.46.140
377,Raoul,Keneford,rkenefordag@creativecommons.org,Male,56.224.67.129
378,Borg,Caldwell,bcaldwellah@earthlink.net,Male,209.10.90.183
379,Matthus,Durie,mdurieai@lycos.com,Male,255.46.215.95
380,Hamil,Cockshut,hcockshutaj@comsenz.com,Male,251.41.41.141
381,Hagen,Marzella,hmarzellaak@gizmodo.com,Male,89.142.193.108
382,Jae,Heardman,jheardmanal@mtv.com,Male,176.240.2.168
383,Patsy,Dewi,pdewiam@blogs.com,Male,45.130.106.249
384,Ciro,Sayce,csaycean@imgur.com,Male,122.151.249.56
385,Danya,O'Caherny,docahernyao@so-net.ne.jp,Male,100.208.251.52
386,Angeli,Prigmore,aprigmoreap@exblog.jp,Male,230.119.57.126
387,Paolina,Shadbolt,pshadboltaq@wikipedia.org,Female,116.189.141.160
388,Dalia,Loyns,dloynsar@google.com,Female,211.161.66.245
389,Ollie,Briand,obriandas@prlog.org,Male,10.129.214.16
390,Mariska,Pennaman,mpennamanat@gov.uk,Female,172.21.103.206
391,Charlene,Menilove,cmeniloveau@harvard.edu,Female,26.114.47.225
392,Adelbert,Gilfillan,agilfillanav@vk.com,Male,88.232.123.118
393,Timothea,Shitliffe,tshitliffeaw@tmall.com,Female,146.45.207.153
394,Fin,Monksfield,fmonksfieldax@vinaora.com,Male,116.203.225.13
395,Tad,Bodega,tbodegaay@example.com,Male,226.62.182.229
396,Diandra,Cecil,dcecilaz@amazon.co.uk,Female,133.205.198.166
397,Betta,Boyn,bboynb0@zimbio.com,Female,36.210.169.77
398,Wilhelmine,Iscowitz,wiscowitzb1@weather.com,Female,254.12.234.224
399,Catrina,Lent,clentb2@1688.com,Female,68.62.249.147
400,Morey,MacAindreis,mmacaindreisb3@unblog.fr,Male,156.71.109.217
401,Aggy,Streader,astreaderb4@quantcast.com,Female,136.111.236.48
402,Alexia,Merrall,amerrallb5@baidu.com,Female,214.34.115.219
403,Marisa,Satford,msatfordb6@disqus.com,Female,15.109.91.228
404,Dollie,Beisley,dbeisleyb7@infoseek.co.jp,Female,107.71.92.186
405,Curr,Groll,cgrollb8@disqus.com,Male,211.202.52.193
406,Adolphus,Nutkin,anutkinb9@lycos.com,Male,36.62.160.104
407,Roth,Brabyn,rbrabynba@engadget.com,Male,104.109.48.110
408,Heida,Schwand,hschwandbb@barnesandnoble.com,Female,16.33.179.66
409,Timofei,Mash,tmashbc@imgur.com,Male,220.15.169.32
410,Noble,Jedryka,njedrykabd@icio.us,Male,69.236.225.50
411,Ingaborg,Duigan,iduiganbe@wisc.edu,Female,156.10.175.243
412,Alejandrina,Rotchell,arotchellbf@nifty.com,Female,202.222.208.22
413,Lenci,Domeney,ldomeneybg@tiny.cc,Male,180.46.173.28
414,See,Ortsmann,sortsmannbh@exblog.jp,Male,126.183.189.162
415,Pia,Renney,prenneybi@gravatar.com,Female,198.171.135.93
416,Melodee,Colleymore,mcolleymorebj@scientificamerican.com,Female,59.84.196.20
417,Sallyanne,Gergus,sgergusbk@yahoo.co.jp,Female,73.22.210.56
418,Aridatha,Laing,alaingbl@last.fm,Female,239.247.240.80
419,Matt,Perrot,mperrotbm@house.gov,Male,8.48.53.187
420,Sally,La Wille,slawillebn@fotki.com,Female,154.145.161.128
421,Layne,McOnie,lmconiebo@dailymail.co.uk,Female,73.15.4.67
422,Angelika,Pillinger,apillingerbp@independent.co.uk,Female,40.220.188.35
423,Mathian,Volkers,mvolkersbq@marketwatch.com,Male,97.230.194.152
424,Merwin,Glidder,mglidderbr@tmall.com,Male,29.50.240.145
425,Ramon,Cleugh,rcleughbs@flavors.me,Male,220.7.29.237
426,Verine,Emmens,vemmensbt@usnews.com,Female,173.39.229.139
427,Gillan,Hosburn,ghosburnbu@furl.net,Female,69.185.129.124
428,Trey,Tillot,ttillotbv@friendfeed.com,Male,144.110.134.155
429,Jamima,Messenbird,jmessenbirdbw@springer.com,Female,77.141.205.104
430,Natalee,Colleford,ncollefordbx@ifeng.com,Female,105.123.251.204
431,Cristiano,Varne,cvarneby@google.ru,Male,48.169.107.152
432,Jerrie,Aireton,jairetonbz@about.me,Female,169.33.150.3
433,Ami,Peterson,apetersonc0@about.com,Female,114.123.3.233
434,Sondra,Lythgoe,slythgoec1@example.com,Female,6.9.228.165
435,Cheryl,Sangra,csangrac2@abc.net.au,Female,102.156.18.235
436,Demetri,Ricardon,dricardonc3@cdbaby.com,Male,184.148.84.1
437,Forester,Bryett,fbryettc4@mozilla.org,Male,211.155.165.60
438,Abbot,Goodluck,agoodluckc5@answers.com,Male,179.192.21.53
439,Gabie,Handke,ghandkec6@csmonitor.com,Male,139.143.95.119
440,Armstrong,Wattinham,awattinhamc7@parallels.com,Male,35.47.206.42
441,Muire,Guenther,mguentherc8@arstechnica.com,Female,14.147.114.235
442,Correy,Branigan,cbraniganc9@jimdo.com,Female,220.44.29.32
443,Phoebe,Busfield,pbusfieldca@constantcontact.com,Female,118.90.211.63
444,Brittaney,Moorton,bmoortoncb@arstechnica.com,Female,57.212.159.128
445,Reiko,Golt,rgoltcc@amazon.de,Female,214.133.199.239
446,Suzy,Feldhorn,sfeldhorncd@ow.ly,Female,84.181.160.179
447,Danita,Mushet,dmushetce@dot.gov,Female,40.190.33.152
448,Faunie,Raittie,fraittiecf@gnu.org,Female,128.7.61.156
449,Roby,Hukin,rhukincg@hhs.gov,Female,201.186.180.237
450,Gerladina,Josilevich,gjosilevichch@mayoclinic.com,Female,25.228.123.152
451,Creighton,Dulany,cdulanyci@youtube.com,Male,139.141.132.177
452,Katina,Corsan,kcorsancj@tinyurl.com,Female,25.73.111.173
453,Brooke,Waterdrinker,bwaterdrinkerck@sfgate.com,Male,35.89.176.172
454,Sauncho,Viegas,sviegascl@discuz.net,Male,209.172.230.8
455,Colette,Priestland,cpriestlandcm@geocities.jp,Female,251.65.215.75
456,Kania,Izakov,kizakovcn@163.com,Female,139.17.129.241
457,Kathie,Nana,knanaco@xinhuanet.com,Female,1.82.227.2
458,Mallissa,Dedden,mdeddencp@house.gov,Female,181.244.94.120
459,Granville,Choke,gchokecq@tripod.com,Male,241.17.187.26
460,Arden,Altham,aalthamcr@yahoo.com,Female,161.111.63.225
461,Cody,Dulwitch,cdulwitchcs@devhub.com,Male,211.182.102.244
462,Chadd,Pidgin,cpidginct@youku.com,Male,84.87.37.55
463,Worthy,Sommerling,wsommerlingcu@state.gov,Male,73.238.238.252
464,Rossie,Giacomuzzo,rgiacomuzzocv@alibaba.com,Male,242.205.157.9
465,Fanya,Campana,fcampanacw@sourceforge.net,Female,226.211.229.50
466,Vikky,Seers,vseerscx@google.ca,Female,206.164.26.216
467,Emilie,Meininking,emeininkingcy@jugem.jp,Female,96.47.106.227
468,Sharron,Mullin,smullincz@marketwatch.com,Female,7.126.31.179
469,Blondelle,Van Dijk,bvandijkd0@loc.gov,Female,43.220.60.234
470,Marleah,Petti,mpettid1@blog.com,Female,156.11.58.199
471,Cathryn,Haistwell,chaistwelld2@nsw.gov.au,Female,207.182.5.19
472,Margeaux,Yakubowicz,myakubowiczd3@craigslist.org,Female,191.98.218.92
473,Emlynn,Fitzsymons,efitzsymonsd4@eventbrite.com,Female,43.205.5.150
474,Crysta,Sallans,csallansd5@qq.com,Female,151.155.57.94
475,Inglis,Collyer,icollyerd6@hibu.com,Male,115.96.191.41
476,Benedicta,Bashford,bbashfordd7@wikia.com,Female,172.73.193.213
477,Harwell,Giacometti,hgiacomettid8@nifty.com,Male,176.185.24.120
478,Danny,Grisenthwaite,dgrisenthwaited9@boston.com,Female,118.199.206.220
479,Trula,Sanderson,tsandersonda@storify.com,Female,249.63.235.206
480,Frankie,Diloway,fdilowaydb@fda.gov,Male,249.0.122.207
481,Tove,Freegard,tfreegarddc@theatlantic.com,Female,8.164.115.125
482,Somerset,Backshall,sbackshalldd@statcounter.com,Male,148.234.172.12
483,Car,Hiscoe,chiscoede@who.int,Male,176.102.60.56
484,Corliss,Jory,cjorydf@reference.com,Female,110.60.247.10
485,Victoir,Capp,vcappdg@jugem.jp,Male,36.120.233.161
486,Nicolette,Riste,nristedh@qq.com,Female,204.83.244.67
487,Bruce,Totterdell,btotterdelldi@toplist.cz,Male,216.218.17.158
488,Rutledge,Parr,rparrdj@stumbleupon.com,Male,222.121.160.18
489,Brien,Gebuhr,bgebuhrdk@engadget.com,Male,127.93.124.127
490,Aldus,Bastard,abastarddl@mac.com,Male,198.157.102.169
491,Kristina,Finlater,kfinlaterdm@youtube.com,Female,113.249.61.71
492,Noami,Gildersleaves,ngildersleavesdn@digg.com,Female,127.19.249.169
493,Angelita,Tryhorn,atryhorndo@huffingtonpost.com,Female,91.176.149.212
494,Ofilia,Kepe,okepedp@myspace.com,Female,115.60.5.222
495,Dulciana,Christauffour,dchristauffourdq@ebay.com,Female,203.30.199.48
496,Eadith,Durn,edurndr@ocn.ne.jp,Female,39.57.211.185
497,Jocelin,McAloren,jmcalorends@engadget.com,Female,36.109.144.125
498,Panchito,Dwelley,pdwelleydt@google.com.hk,Male,127.15.69.17
499,Pattie,Brimm,pbrimmdu@amazon.de,Male,82.92.212.2
500,Chantal,Moehle,cmoehledv@ow.ly,Female,65.212.185.70
501,Randie,Placido,rplacidodw@whitehouse.gov,Male,42.244.57.214
502,Yoshi,Gilogly,ygiloglydx@t.co,Female,221.184.29.132
503,Willem,Enser,wenserdy@google.com.au,Male,54.69.46.116
504,Celina,Goodboddy,cgoodboddydz@admin.ch,Female,221.211.2.67
505,Lindi,Soanes,lsoanese0@vimeo.com,Female,241.37.43.20
506,Alfie,Bowfin,abowfine1@blinklist.com,Male,30.88.139.218
507,Elmer,Elcocks,eelcockse2@ovh.net,Male,242.123.82.122
508,Danie,Edmenson,dedmensone3@sciencedirect.com,Male,248.148.31.39
509,Nichol,Galilee,ngalileee4@discovery.com,Female,27.254.58.177
510,Godfree,Strongman,gstrongmane5@cornell.edu,Male,58.181.227.209
511,Glenn,Toller,gtollere6@php.net,Male,96.6.210.214
512,Otto,Huntingford,ohuntingforde7@buzzfeed.com,Male,131.111.206.216
513,Nerissa,Karolyi,nkarolyie8@etsy.com,Female,22.156.198.76
514,Val,Lipsett,vlipsette9@opensource.org,Male,63.39.14.185
515,Laina,Gobat,lgobatea@w3.org,Female,114.152.13.12
516,Allister,Speddin,aspeddineb@ucla.edu,Male,29.128.96.169
517,Adler,Tressler,atresslerec@google.ru,Male,41.175.234.132
518,Peter,Kleinmintz,pkleinmintzed@pagesperso-orange.fr,Male,44.142.177.167
519,Ogdan,Sacaze,osacazeee@prnewswire.com,Male,35.6.10.92
520,Sari,Caurah,scaurahef@samsung.com,Female,71.250.248.205
521,Elise,Greeves,egreeveseg@berkeley.edu,Female,247.252.235.53
522,Jacqueline,Kyles,jkyleseh@europa.eu,Female,173.74.128.237
523,Gerardo,Dimitrescu,gdimitrescuei@free.fr,Male,250.232.30.197
524,Nell,MacLoughlin,nmacloughlinej@gnu.org,Female,161.173.66.107
525,Phedra,Bodicum,pbodicumek@shutterfly.com,Female,175.140.178.70
526,Zeke,Harbour,zharbourel@nymag.com,Male,162.193.64.56
527,Myrle,Bassom,mbassomem@oakley.com,Female,34.115.81.44
528,Poul,Strauss,pstraussen@apple.com,Male,117.36.132.193
529,Salvatore,Fellnee,sfellneeeo@jalbum.net,Male,245.149.41.127
530,Wadsworth,Schnieder,wschniederep@va.gov,Male,88.136.9.91
531,Rosco,Marte,rmarteeq@goo.ne.jp,Male,81.107.163.249
532,Jolee,Watson,jwatsoner@businesswire.com,Female,243.34.25.83
533,Wallas,Iwanowicz,wiwanowiczes@i2i.jp,Male,116.112.127.26
534,Rosalinda,Smails,rsmailset@engadget.com,Female,191.205.177.57
535,Agnesse,Winborn,awinborneu@constantcontact.com,Female,235.228.219.249
536,Garv,McVeigh,gmcveighev@nytimes.com,Male,228.163.212.219
537,Kriste,Eckford,keckfordew@behance.net,Female,147.124.45.231
538,Randa,Louw,rlouwex@lulu.com,Female,189.186.100.224
539,Delphinia,Crudge,dcrudgeey@engadget.com,Female,2.250.81.180
540,Kile,Fones,kfonesez@dagondesign.com,Male,205.130.33.39
541,Elton,Weildish,eweildishf0@ycombinator.com,Male,108.239.101.93
542,Genia,Rome,gromef1@europa.eu,Female,144.129.248.114
543,Art,Lamp,alampf2@cisco.com,Male,116.138.74.39
544,Danell,Seagrove,dseagrovef3@japanpost.jp,Female,176.49.254.60
545,Dev,Napier,dnapierf4@gmpg.org,Male,150.158.193.114
546,Xaviera,Fayter,xfayterf5@pagesperso-orange.fr,Female,43.16.65.26
547,Farris,Whipple,fwhipplef6@yolasite.com,Male,168.92.153.184
548,Brandice,Hynd,bhyndf7@plala.or.jp,Female,15.169.212.47
549,Elisabetta,Whifen,ewhifenf8@slashdot.org,Female,184.73.114.33
550,Russ,Hannay,rhannayf9@wsj.com,Male,174.8.109.136
551,Miguela,Izhak,mizhakfa@toplist.cz,Female,0.48.76.63
552,Minnaminnie,Risom,mrisomfb@wisc.edu,Female,3.215.165.34
553,Laurene,Tooting,ltootingfc@timesonline.co.uk,Female,249.208.224.199
554,Paxon,Poulson,ppoulsonfd@timesonline.co.uk,Male,17.252.71.228
555,Eziechiele,Woodyer,ewoodyerfe@google.fr,Male,237.8.102.47
556,Sansone,Feeham,sfeehamff@slate.com,Male,136.227.133.131
557,Jere,Baffin,jbaffinfg@qq.com,Female,119.74.72.22
558,Tanitansy,Holby,tholbyfh@photobucket.com,Female,68.113.89.5
559,Jerad,Lubman,jlubmanfi@moonfruit.com,Male,172.208.53.88
560,Waylin,Kestian,wkestianfj@ameblo.jp,Male,167.229.167.211
561,Jard,Nerheny,jnerhenyfk@myspace.com,Male,95.159.81.64
562,Culver,Falco,cfalcofl@cyberchimps.com,Male,19.135.90.214
563,Marcus,Hallwell,mhallwellfm@cnn.com,Male,27.196.137.240
564,Giustino,Hardware,ghardwarefn@hc360.com,Male,70.83.230.110
565,Adoree,Bhar,abharfo@bing.com,Female,64.247.109.199
566,Barbette,Olivi,bolivifp@istockphoto.com,Female,45.199.156.164
567,Regan,Aguirre,raguirrefq@msu.edu,Male,204.34.187.184
568,Gillie,Zoren,gzorenfr@patch.com,Female,126.2.134.106
569,Saundra,Garbett,sgarbettfs@pcworld.com,Male,236.235.40.113
570,Nollie,Lintall,nlintallft@sciencedirect.com,Female,104.193.192.190
571,Devlen,Scamerdine,dscamerdinefu@tmall.com,Male,73.191.99.112
572,Esteban,Widdowes,ewiddowesfv@t-online.de,Male,156.11.2.86
573,Onofredo,Hauch,ohauchfw@ycombinator.com,Male,252.240.161.71
574,Jaquenetta,Colson,jcolsonfx@seattletimes.com,Female,104.156.75.168
575,Austina,Harland,aharlandfy@simplemachines.org,Female,120.176.224.107
576,Kaleena,Enrico,kenricofz@foxnews.com,Female,232.99.66.217
577,Alethea,Waters,awatersg0@sogou.com,Female,126.5.192.110
578,Hersch,Wayne,hwayneg1@earthlink.net,Male,89.249.5.137
579,Gerrard,Faudrie,gfaudrieg2@yellowbook.com,Male,37.142.224.118
580,Maudie,Hazael,mhazaelg3@ezinearticles.com,Female,208.171.251.4
581,Ameline,Ellingsworth,aellingsworthg4@mac.com,Female,77.13.49.151
582,Corney,Seery,cseeryg5@desdev.cn,Male,129.182.199.50
583,Caryn,Pavkovic,cpavkovicg6@nyu.edu,Female,33.214.124.248
584,Brand,Galbraith,bgalbraithg7@bloglovin.com,Male,148.178.93.51
585,Nelle,Beamson,nbeamsong8@google.co.uk,Female,66.253.6.165
586,Wayne,Tunnadine,wtunnadineg9@trellian.com,Male,70.250.7.190
587,Lemmy,Addinall,laddinallga@slashdot.org,Male,50.119.143.3
588,Emmit,Arnoldi,earnoldigb@shareasale.com,Male,155.153.115.244
589,Roseann,Hirthe,rhirthegc@booking.com,Female,40.223.242.16
590,Ewell,Warboys,ewarboysgd@google.cn,Male,43.131.198.37
591,Gradeigh,Reihill,greihillge@plala.or.jp,Male,61.55.215.68
592,Kimberley,Georgescu,kgeorgescugf@technorati.com,Female,187.108.41.16
593,Avictor,Turton,aturtongg@samsung.com,Male,144.87.111.142
594,Cornela,Doohey,cdooheygh@weebly.com,Female,155.238.64.206
595,Pebrook,Hopkins,phopkinsgi@posterous.com,Male,124.246.165.141
596,Tanitansy,Wilcinskis,twilcinskisgj@google.es,Female,209.244.206.46
597,Sasha,Brambell,sbrambellgk@examiner.com,Female,192.93.84.52
598,Dolly,Bumpass,dbumpassgl@yahoo.co.jp,Female,95.107.31.24
599,Lynelle,Giraudel,lgiraudelgm@flickr.com,Female,88.35.42.190
600,Odille,Ironside,oironsidegn@wordpress.org,Female,60.141.0.5
601,Sergio,Palle,spallego@guardian.co.uk,Male,220.221.107.36
602,Charity,Macveigh,cmacveighgp@squidoo.com,Female,31.51.160.23
603,Arther,Willshere,awillsheregq@unc.edu,Male,92.36.100.212
604,Pet,Brackenbury,pbrackenburygr@histats.com,Female,144.228.204.252
605,Woody,Sigge,wsiggegs@last.fm,Male,97.112.115.151
606,Felicia,McPeck,fmcpeckgt@altervista.org,Female,213.172.225.179
607,Gard,Orring,gorringgu@engadget.com,Male,26.205.233.176
608,Serge,Kenrack,skenrackgv@thetimes.co.uk,Male,55.54.26.46
609,Wade,Paulsen,wpaulsengw@dot.gov,Male,108.15.191.92
610,Elroy,Gutch,egutchgx@friendfeed.com,Male,18.105.107.143
611,Moina,Yantsev,myantsevgy@shutterfly.com,Female,121.37.146.145
612,Kimbra,Leban,klebangz@cmu.edu,Female,210.242.211.142
613,Wain,Benallack,wbenallackh0@dell.com,Male,238.165.36.120
614,Sena,Ingyon,singyonh1@wisc.edu,Female,225.247.231.241
615,Shalne,Laurencot,slaurencoth2@unc.edu,Female,28.149.109.155
616,Wake,Wheble,wwhebleh3@blogger.com,Male,60.162.38.146
617,Ingra,Plumbridge,iplumbridgeh4@dyndns.org,Male,130.32.65.121
618,Benedikt,Roscher,broscherh5@digg.com,Male,33.172.104.80
619,Brnaby,Kelley,bkelleyh6@odnoklassniki.ru,Male,56.191.41.78
620,Drona,Rouch,drouchh7@china.com.cn,Female,158.177.193.100
621,Bastien,Worpole,bworpoleh8@woothemes.com,Male,229.38.51.21
622,Celesta,Danilov,cdanilovh9@cmu.edu,Female,71.217.104.138
623,Hew,Stannering,hstanneringha@unc.edu,Male,215.41.219.189
624,Darius,Clulee,dcluleehb@sphinn.com,Male,63.7.253.251
625,Hildagard,Badsworth,hbadsworthhc@arstechnica.com,Female,220.32.78.87
626,Fredek,Ybarra,fybarrahd@bluehost.com,Male,206.235.76.46
627,Edgardo,Durtnall,edurtnallhe@amazon.de,Male,18.107.90.255
628,Dare,Trenbay,dtrenbayhf@over-blog.com,Male,103.64.99.112
629,Traver,Scintsbury,tscintsburyhg@nasa.gov,Male,200.97.86.104
630,Katrine,Espinha,kespinhahh@sfgate.com,Female,113.19.184.251
631,Geno,Coye,gcoyehi@about.com,Male,87.252.110.199
632,Joete,Bourdon,jbourdonhj@ask.com,Female,100.205.206.211
633,Martelle,Impett,mimpetthk@sourceforge.net,Female,200.66.32.226
634,Bealle,Horche,bhorchehl@earthlink.net,Male,224.50.30.126
635,Mycah,Everiss,meverisshm@reddit.com,Male,183.132.72.116
636,Elspeth,Betts,ebettshn@opera.com,Female,54.59.160.121
637,Sonni,Northfield,snorthfieldho@bigcartel.com,Female,140.250.194.178
638,Phineas,McVey,pmcveyhp@livejournal.com,Male,102.49.12.230
639,Curran,Zemler,czemlerhq@ftc.gov,Male,34.236.195.170
640,Emylee,Kubelka,ekubelkahr@hugedomains.com,Female,165.90.31.162
641,Davey,Bunch,dbunchhs@dagondesign.com,Male,124.38.44.234
642,Harwell,Snadden,hsnaddenht@springer.com,Male,134.190.22.51
643,Simmonds,Leiden,sleidenhu@dot.gov,Male,135.146.147.118
644,Roderic,Rallin,rrallinhv@webnode.com,Male,90.254.88.79
645,Cecilius,Kornes,ckorneshw@google.com,Male,136.236.42.42
646,Roseline,Alvis,ralvishx@xinhuanet.com,Female,51.76.61.81
647,Brandtr,Swann,bswannhy@freewebs.com,Male,205.199.16.210
648,Sergent,Bernet,sbernethz@list-manage.com,Male,128.197.31.123
649,Kimbell,Woolforde,kwoolfordei0@state.tx.us,Male,110.173.145.18
650,Ephraim,Gulland,egullandi1@slate.com,Male,153.33.158.77
651,Baily,Sheaber,bsheaberi2@youtu.be,Male,250.12.247.194
652,Baldwin,Hearley,bhearleyi3@xing.com,Male,201.57.37.6
653,Yettie,Defty,ydeftyi4@apache.org,Female,211.4.232.162
654,Justis,Joannidi,jjoannidii5@patch.com,Male,117.182.144.231
655,Tallie,Voice,tvoicei6@simplemachines.org,Female,102.207.117.141
656,Selena,Samworth,ssamworthi7@ebay.co.uk,Female,34.40.54.176
657,Keen,Sunter,ksunteri8@hexun.com,Male,109.135.55.190
658,Fayre,Reith,freithi9@cbsnews.com,Female,141.134.146.28
659,Tonye,Verty,tvertyia@aboutads.info,Female,162.161.27.240
660,Henrieta,Durand,hdurandib@arstechnica.com,Female,68.53.90.97
661,Palm,Dace,pdaceic@irs.gov,Male,196.85.244.11
662,Toiboid,Lelande,tlelandeid@hp.com,Male,155.160.235.81
663,Annabella,Clarey,aclareyie@shutterfly.com,Female,206.134.196.13
664,Dion,Schulze,dschulzeif@economist.com,Female,52.197.243.182
665,Eartha,Catherine,ecatherineig@sbwire.com,Female,117.45.40.131
666,Bea,McLaughlan,bmclaughlanih@odnoklassniki.ru,Female,69.214.134.89
667,Nonnah,Pechacek,npechacekii@barnesandnoble.com,Female,201.25.234.53
668,Boycie,Crolly,bcrollyij@gov.uk,Male,123.250.59.208
669,Matty,Saphin,msaphinik@pcworld.com,Male,111.117.88.164
670,Alysa,Mossman,amossmanil@cocolog-nifty.com,Female,101.21.18.69
671,Lilith,Sawnwy,lsawnwyim@amazonaws.com,Female,170.13.221.152
672,Selma,Mundall,smundallin@constantcontact.com,Female,129.234.80.65
673,Kally,Hollindale,khollindaleio@issuu.com,Female,83.85.6.173
674,Alan,Featherstonhaugh,afeatherstonhaughip@indiegogo.com,Male,159.166.62.204
675,Valle,Trebbett,vtrebbettiq@hibu.com,Male,127.72.215.69
676,Martina,Drinnan,mdrinnanir@mac.com,Female,55.99.11.247
677,Dominique,Tuffin,dtuffinis@microsoft.com,Male,88.182.5.0
678,Clarissa,Sifleet,csifleetit@nymag.com,Female,4.185.227.178
679,Forest,Nials,fnialsiu@jalbum.net,Male,168.199.127.150
680,Pierce,Ordidge,pordidgeiv@naver.com,Male,149.136.252.210
681,Jeremy,Tydeman,jtydemaniw@netscape.com,Male,194.158.225.26
682,Saloma,Spennock,sspennockix@skype.com,Female,129.9.169.138
683,Nat,Bissex,nbissexiy@prweb.com,Male,96.137.220.58
684,Kristian,Bulfoot,kbulfootiz@businesswire.com,Male,52.63.250.125
685,Harlene,Heino,hheinoj0@noaa.gov,Female,83.91.100.26
686,Dyna,Logsdail,dlogsdailj1@delicious.com,Female,98.108.213.246
687,Tucker,Treleven,ttrelevenj2@booking.com,Male,164.101.176.17
688,Eldridge,Kasher,ekasherj3@ezinearticles.com,Male,46.254.218.163
689,Farr,McCaffrey,fmccaffreyj4@woothemes.com,Male,137.189.64.57
690,Barclay,McHale,bmchalej5@japanpost.jp,Male,118.243.235.192
691,Francine,Chessel,fchesselj6@last.fm,Female,149.185.65.23
692,Wolfgang,Kornel,wkornelj7@sciencedaily.com,Male,171.85.255.11
693,Jess,Hugnin,jhugninj8@mysql.com,Female,56.170.226.203
694,Gerhard,Innman,ginnmanj9@trellian.com,Male,250.37.114.32
695,Lorinda,Wilden,lwildenja@wikia.com,Female,109.99.110.39
696,Drona,Wittey,dwitteyjb@cisco.com,Female,205.226.210.51
697,Salomone,Gwatkins,sgwatkinsjc@dmoz.org,Male,234.29.152.106
698,Alyosha,Billam,abillamjd@goo.gl,Male,200.27.118.139
699,Darby,Grigs,dgrigsje@bandcamp.com,Female,221.67.7.247
700,Hannah,Leall,hlealljf@icq.com,Female,3.173.201.155
701,Geoffry,Neubigin,gneubiginjg@chicagotribune.com,Male,189.98.82.101
702,Seumas,Siward,ssiwardjh@uiuc.edu,Male,69.114.213.99
703,Mahmud,Nunan,mnunanji@weather.com,Male,75.164.109.156
704,Winthrop,Grundon,wgrundonjj@paypal.com,Male,92.158.180.184
705,Bary,Mattielli,bmattiellijk@apple.com,Male,64.161.142.231
706,Myca,Lerwill,mlerwilljl@fema.gov,Male,205.222.147.223
707,Zacherie,Whitlow,zwhitlowjm@comcast.net,Male,123.209.39.213
708,Gerald,McCay,gmccayjn@shareasale.com,Male,188.130.151.112
709,Pierre,Janicki,pjanickijo@huffingtonpost.com,Male,146.2.95.235
710,Mitchael,Gergher,mgergherjp@nytimes.com,Male,158.242.231.170
711,Kristi,MacCorley,kmaccorleyjq@phpbb.com,Female,239.160.224.153
712,Shannan,Parke,sparkejr@bigcartel.com,Male,93.235.83.186
713,Haskel,Charpling,hcharplingjs@yandex.ru,Male,96.0.22.111
714,Madalena,Dubble,mdubblejt@arstechnica.com,Female,34.14.56.184
715,Michel,Waddie,mwaddieju@globo.com,Male,153.20.68.99
716,Reinald,Phaup,rphaupjv@marriott.com,Male,193.34.188.157
717,Barn,Denford,bdenfordjw@yandex.ru,Male,236.190.255.2
718,Harman,Verrill,hverrilljx@stanford.edu,Male,98.108.89.183
719,Trefor,Nazareth,tnazarethjy@zdnet.com,Male,222.51.16.157
720,Ede,Murrigans,emurrigansjz@craigslist.org,Female,107.173.174.29
721,Angel,Adlem,aadlemk0@mediafire.com,Male,166.62.99.198
722,Bessie,Faye,bfayek1@wunderground.com,Female,116.244.75.181
723,Tracee,Pedroni,tpedronik2@dailymotion.com,Female,164.76.125.123
724,Tito,Baldoni,tbaldonik3@aol.com,Male,177.198.71.253
725,Hieronymus,Ventura,hventurak4@disqus.com,Male,71.54.128.160
726,Horatius,Crockley,hcrockleyk5@unblog.fr,Male,196.121.231.93
727,Ferrell,Noblett,fnoblettk6@wiley.com,Male,104.200.184.55
728,Valentina,Clipsham,vclipshamk7@dailymail.co.uk,Female,194.22.110.25
729,Tedi,Heaphy,theaphyk8@vistaprint.com,Female,128.201.73.75
730,Faina,Alaway,falawayk9@fema.gov,Female,221.194.208.229
731,Decca,Tippell,dtippellka@eventbrite.com,Male,68.113.255.160
732,Thorvald,Screech,tscreechkb@reference.com,Male,130.92.12.159
733,Armando,Terne,aternekc@photobucket.com,Male,149.6.161.240
734,Eamon,MacCosty,emaccostykd@technorati.com,Male,128.215.51.147
735,Rudiger,Teal,rtealke@drupal.org,Male,149.144.154.224
736,Brittany,Woollett,bwoollettkf@ftc.gov,Female,92.31.159.71
737,Katheryn,Osband,kosbandkg@ca.gov,Female,158.13.15.105
738,Teresa,Bruna,tbrunakh@ocn.ne.jp,Female,5.183.33.221
739,Laurie,Coskerry,lcoskerryki@opera.com,Female,105.87.236.110
740,Gillan,Spelman,gspelmankj@phpbb.com,Female,31.248.223.108
741,Joseph,Dict,jdictkk@kickstarter.com,Male,75.155.100.162
742,Adeline,Dace,adacekl@ifeng.com,Female,46.0.149.132
743,Catharina,Gaydon,cgaydonkm@redcross.org,Female,70.87.86.55
744,Stephanie,Breakwell,sbreakwellkn@newsvine.com,Female,16.197.26.17
745,Orrin,Piotrowski,opiotrowskiko@dot.gov,Male,61.211.202.96
746,Aeriell,Jaulmes,ajaulmeskp@infoseek.co.jp,Female,220.106.151.79
747,Townsend,Seymark,tseymarkkq@mediafire.com,Male,6.137.103.29
748,Kimball,Staton,kstatonkr@networkadvertising.org,Male,197.169.16.172
749,Tressa,Blaske,tblaskeks@reuters.com,Female,28.146.97.55
750,Freida,Fishley,ffishleykt@oaic.gov.au,Female,26.7.227.36
751,Waylon,Blyth,wblythku@infoseek.co.jp,Male,17.223.49.81
752,Demott,Test,dtestkv@army.mil,Male,118.147.132.56
753,Catherine,Frichley,cfrichleykw@nhs.uk,Female,59.130.114.35
754,Alfy,Kenneway,akennewaykx@netscape.com,Male,216.216.40.248
755,Johny,Vreede,jvreedeky@google.com.au,Male,172.195.131.204
756,Romola,Redley,rredleykz@xing.com,Female,182.148.216.224
757,Bartel,Arne,barnel0@washington.edu,Male,146.178.29.193
758,Teddie,Adriaens,tadriaensl1@tuttocitta.it,Female,32.44.171.102
759,Loydie,Jimeno,ljimenol2@biblegateway.com,Male,201.24.207.195
760,Darryl,Fillis,dfillisl3@usgs.gov,Female,39.211.51.8
761,Corabel,Jansky,cjanskyl4@prweb.com,Female,58.238.229.210
762,Vivyanne,Pulhoster,vpulhosterl5@geocities.com,Female,223.84.220.160
763,Kingsly,Magor,kmagorl6@ox.ac.uk,Male,198.0.107.205
764,Rosie,Mobberley,rmobberleyl7@discovery.com,Female,186.233.219.228
765,Darby,Reolfo,dreolfol8@google.com.br,Male,55.185.146.210
766,Lamond,Barff,lbarffl9@java.com,Male,182.48.167.35
767,Clemmie,Clears,cclearsla@goo.gl,Female,57.106.192.160
768,Edeline,Slinger,eslingerlb@altervista.org,Female,98.60.27.112
769,Netti,Storch,nstorchlc@netlog.com,Female,60.131.252.129
770,Temple,Stonehewer,tstonehewerld@issuu.com,Male,165.97.61.66
771,Gare,Lupson,glupsonle@home.pl,Male,244.154.121.199
772,Bobinette,Lygo,blygolf@sina.com.cn,Female,24.243.150.245
773,Gearalt,Eymer,geymerlg@ameblo.jp,Male,228.158.101.246
774,Ikey,Rief,irieflh@github.com,Male,61.87.253.247
775,Clayborn,Avison,cavisonli@webmd.com,Male,222.184.94.98
776,Mose,Klos,mkloslj@squidoo.com,Male,118.238.107.186
777,Rodrique,Apark,raparklk@sitemeter.com,Male,70.121.98.51
778,Elysee,Lesmonde,elesmondell@tuttocitta.it,Female,11.175.22.80
779,Jeremy,Marchment,jmarchmentlm@omniture.com,Male,234.72.132.33
780,Alia,Kaufman,akaufmanln@tiny.cc,Female,248.218.217.249
781,Boote,Antonikov,bantonikovlo@pinterest.com,Male,156.92.177.244
782,Demetris,Sharp,dsharplp@hao123.com,Female,203.80.128.23
783,Pavel,Marlor,pmarlorlq@sourceforge.net,Male,51.75.74.95
784,Jamima,Doddemeede,jdoddemeedelr@ca.gov,Female,138.131.234.138
785,Doria,Dogerty,ddogertyls@vk.com,Female,116.163.236.223
786,Juliann,Daud,jdaudlt@icio.us,Female,53.243.87.205
787,Raffarty,Merkle,rmerklelu@un.org,Male,25.33.142.7
788,Agustin,Warcup,awarcuplv@4shared.com,Male,115.169.17.54
789,Avery,Bagniuk,abagniuklw@reverbnation.com,Male,241.62.110.202
790,Shea,Dumphry,sdumphrylx@fda.gov,Male,249.54.16.38
791,Cletus,Ilott,cilottly@topsy.com,Male,151.19.135.82
792,Osbert,Oldmeadow,ooldmeadowlz@live.com,Male,176.104.18.138
793,Cirillo,Emlen,cemlenm0@ibm.com,Male,122.197.146.162
794,Jerrilee,Gabrieli,jgabrielim1@webnode.com,Female,42.122.46.29
795,Neill,Davitt,ndavittm2@imdb.com,Male,112.30.226.8
796,Shurlocke,Duligal,sduligalm3@webnode.com,Male,60.148.89.87
797,Garnet,Billham,gbillhamm4@google.ca,Female,20.24.201.109
798,Madella,Floyde,mfloydem5@youtube.com,Female,159.125.149.188
799,Allyn,Elson,aelsonm6@acquirethisname.com,Male,246.213.237.122
800,Rourke,Coldicott,rcoldicottm7@buzzfeed.com,Male,156.197.21.100
801,Allix,De Hooch,adehoochm8@freewebs.com,Female,153.194.195.24
802,Durand,Worstall,dworstallm9@photobucket.com,Male,224.77.16.55
803,Tobit,Juszczyk,tjuszczykma@github.com,Male,66.18.53.34
804,Raviv,Sedgebeer,rsedgebeermb@ezinearticles.com,Male,16.216.238.177
805,Steffen,Shoebotham,sshoebothammc@google.com,Male,133.202.198.109
806,Vasilis,Copson,vcopsonmd@tripod.com,Male,207.230.146.45
807,Joleen,Loding,jlodingme@theatlantic.com,Female,30.73.96.190
808,Hill,Weigh,hweighmf@vkontakte.ru,Male,79.74.141.78
809,Olvan,Kellar,okellarmg@nyu.edu,Male,180.68.197.180
810,Candice,Allender,callendermh@hexun.com,Female,94.94.33.36
811,Theodosia,Haibel,thaibelmi@unc.edu,Female,15.25.245.234
812,Claudell,Adnams,cadnamsmj@biblegateway.com,Male,99.231.208.110
813,Kele,Tooke,ktookemk@tmall.com,Male,161.136.4.54
814,Josselyn,Alphege,jalphegeml@scribd.com,Female,159.57.128.87
815,Livvy,Polack,lpolackmm@facebook.com,Female,252.133.163.60
816,Garwin,Auguste,gaugustemn@angelfire.com,Male,94.82.106.231
817,Jerry,Raywood,jraywoodmo@netlog.com,Female,102.15.211.59
818,Kellie,Bilton,kbiltonmp@webmd.com,Female,72.34.119.224
819,Catrina,Lawey,claweymq@bbc.co.uk,Female,220.67.188.142
820,Shelden,Dunstan,sdunstanmr@about.com,Male,128.27.173.194
821,Thom,Proudman,tproudmanms@buzzfeed.com,Male,203.98.54.182
822,Boris,Keer,bkeermt@timesonline.co.uk,Male,60.174.203.68
823,Fayre,Borkin,fborkinmu@sohu.com,Female,204.40.220.16
824,Erwin,Outibridge,eoutibridgemv@infoseek.co.jp,Male,250.90.225.56
825,Hendrik,Epdell,hepdellmw@mit.edu,Male,173.159.61.171
826,Maxie,Mathieu,mmathieumx@msn.com,Female,11.219.11.197
827,Kasey,Todeo,ktodeomy@mysql.com,Female,169.165.210.108
828,Kellyann,Etter,kettermz@ihg.com,Female,162.59.190.127
829,Tilly,Burnes,tburnesn0@bbc.co.uk,Female,171.155.163.227
830,Charlene,Fitzsymon,cfitzsymonn1@wikispaces.com,Female,154.202.254.62
831,Adiana,Broster,abrostern2@arizona.edu,Female,150.207.201.221
832,Carmelina,Hubner,chubnern3@amazonaws.com,Female,244.115.148.205
833,Carce,Eckly,cecklyn4@photobucket.com,Male,205.73.220.159
834,Sinclare,Gabitis,sgabitisn5@g.co,Male,50.146.85.240
835,Kimbell,Yurocjhin,kyurocjhinn6@ocn.ne.jp,Male,201.145.234.138
836,Eilis,Cosyns,ecosynsn7@marketwatch.com,Female,90.183.84.93
837,Malory,Pledger,mpledgern8@berkeley.edu,Female,17.24.69.120
838,Jacques,Readie,jreadien9@taobao.com,Male,74.164.109.75
839,Ryan,Crenshaw,rcrenshawna@cornell.edu,Male,58.245.114.17
840,Beverlie,Kivits,bkivitsnb@feedburner.com,Female,214.121.239.31
841,Elston,Demanche,edemanchenc@tinyurl.com,Male,124.93.234.205
842,Giffie,Kittoe,gkittoend@printfriendly.com,Male,94.125.147.140
843,Rolph,O'Doherty,rodohertyne@uiuc.edu,Male,32.183.24.162
844,Katuscha,Nichol,knicholnf@google.nl,Female,39.200.144.226
845,Cassie,MacPaike,cmacpaikeng@canalblog.com,Male,82.248.18.98
846,Ralf,De la Eglise,rdelaeglisenh@fda.gov,Male,251.100.182.232
847,Edouard,Bowgen,ebowgenni@elpais.com,Male,227.177.129.167
848,Sinclare,Minto,smintonj@cyberchimps.com,Male,78.190.89.24
849,Web,Cokely,wcokelynk@state.gov,Male,73.70.176.199
850,Zeke,Ephson,zephsonnl@gravatar.com,Male,128.80.37.199
851,Falito,Sysland,fsyslandnm@cbsnews.com,Male,222.203.57.178
852,Orsa,Gallego,ogallegonn@huffingtonpost.com,Female,6.28.71.233
853,Michel,Vasiltsov,mvasiltsovno@ca.gov,Male,3.216.107.128
854,Phillis,Hotson,photsonnp@addthis.com,Female,172.255.196.146
855,Lauraine,Barff,lbarffnq@spiegel.de,Female,238.140.181.124
856,Fielding,Aberkirder,faberkirdernr@sciencedaily.com,Male,196.120.238.192
857,Fredric,Bris,fbrisns@ucla.edu,Male,150.178.242.151
858,Barthel,Sibbson,bsibbsonnt@theglobeandmail.com,Male,15.205.92.168
859,Galen,Kemston,gkemstonnu@weibo.com,Male,136.173.146.161
860,Isidore,Gavan,igavannv@github.com,Male,126.177.52.166
861,Tad,Ferrettino,tferrettinonw@home.pl,Male,234.36.106.30
862,Monika,Fowden,mfowdennx@usda.gov,Female,243.211.159.97
863,Kristofor,Follis,kfollisny@ifeng.com,Male,214.188.156.5
864,Ignatius,Conen,iconennz@oakley.com,Male,129.24.157.56
865,Hilliard,Dossettor,hdossettoro0@dagondesign.com,Male,112.54.150.88
866,Cello,Moggle,cmoggleo1@nasa.gov,Male,52.224.229.158
867,Nolly,Wigmore,nwigmoreo2@privacy.gov.au,Male,122.223.9.65
868,Ewen,Medforth,emedfortho3@ow.ly,Male,240.68.164.72
869,Emmery,Halliberton,ehallibertono4@elegantthemes.com,Male,133.188.56.220
870,Marmaduke,Boas,mboaso5@parallels.com,Male,62.29.109.83
871,Babara,Baldcock,bbaldcocko6@posterous.com,Female,61.142.108.90
872,Marna,Westgarth,mwestgartho7@reuters.com,Female,105.156.226.203
873,Joby,Ricciardo,jricciardoo8@icio.us,Female,70.34.170.53
874,Law,Mawson,lmawsono9@acquirethisname.com,Male,20.119.156.57
875,Whittaker,Micheu,wmicheuoa@adobe.com,Male,41.129.200.163
876,Tabbitha,Slinger,tslingerob@reverbnation.com,Female,0.238.75.212
877,Stefano,Biggs,sbiggsoc@imageshack.us,Male,8.157.182.110
878,Johnna,Prettejohns,jprettejohnsod@51.la,Female,39.223.230.66
879,Ario,Huggin,ahugginoe@hatena.ne.jp,Male,183.168.234.130
880,Miran,Leeburn,mleeburnof@t.co,Female,195.183.194.123
881,Adam,Mussilli,amussilliog@xrea.com,Male,166.237.91.168
882,Bastien,Scrowston,bscrowstonoh@tamu.edu,Male,98.111.110.137
883,Caron,Peat,cpeatoi@youtu.be,Female,185.109.71.112
884,Merline,Isherwood,misherwoodoj@bloomberg.com,Female,4.186.135.59
885,Rustie,Vondrak,rvondrakok@loc.gov,Male,167.2.89.5
886,Juliet,Haldin,jhaldinol@vinaora.com,Female,172.124.250.51
887,Konrad,Donan,kdonanom@nature.com,Male,173.37.197.140
888,Dallon,Banaszczyk,dbanaszczykon@issuu.com,Male,206.5.96.200
889,Graig,Soppeth,gsoppethoo@mapquest.com,Male,222.175.226.13
890,Upton,Madigan,umadiganop@dailymotion.com,Male,33.218.105.144
891,Lief,Hadaway,lhadawayoq@toplist.cz,Male,76.183.79.219
892,Neils,Summerhayes,nsummerhayesor@ifeng.com,Male,138.206.42.11
893,Shandie,Tanton,stantonos@alibaba.com,Female,60.74.248.30
894,Cathrine,Bakewell,cbakewellot@godaddy.com,Female,90.232.6.227
895,Mackenzie,Doring,mdoringou@boston.com,Male,125.212.32.149
896,Bryana,Balasini,bbalasiniov@nymag.com,Female,180.119.253.185
897,Faustine,Droghan,fdroghanow@ftc.gov,Female,28.66.227.190
898,Shelley,Solly,ssollyox@msu.edu,Male,107.129.158.117
899,Bald,O'Gready,bogreadyoy@mlb.com,Male,207.220.50.172
900,Malia,Tulloch,mtullochoz@tripadvisor.com,Female,236.121.235.80
901,Maybelle,Sandhill,msandhillp0@themeforest.net,Female,64.14.107.75
902,Chicky,Judkins,cjudkinsp1@unesco.org,Female,56.166.79.220
903,Zelma,Kording,zkordingp2@woothemes.com,Female,140.154.175.70
904,Tybi,Gherardini,tgherardinip3@noaa.gov,Female,104.229.82.93
905,Andras,Kalvin,akalvinp4@dailymotion.com,Male,207.160.81.111
906,Murray,Hynes,mhynesp5@house.gov,Male,161.181.149.184
907,Ricki,McInnery,rmcinneryp6@blogs.com,Female,228.56.162.239
908,Inge,Simonitto,isimonittop7@youku.com,Female,227.6.0.176
909,Alta,Thoumas,athoumasp8@sogou.com,Female,201.176.94.159
910,Gaston,Maddyson,gmaddysonp9@cocolog-nifty.com,Male,55.254.137.70
911,Constantina,Quilliam,cquilliampa@storify.com,Female,60.144.151.46
912,Annetta,Rochewell,arochewellpb@photobucket.com,Female,45.5.35.152
913,Nancee,Hornbuckle,nhornbucklepc@bloomberg.com,Female,108.114.216.236
914,Jaymie,Robbert,jrobbertpd@cpanel.net,Male,186.198.248.131
915,Kali,Chritchley,kchritchleype@ow.ly,Female,215.186.235.169
916,Oliver,Aldwich,oaldwichpf@psu.edu,Male,51.220.5.129
917,Loree,Pietruschka,lpietruschkapg@cpanel.net,Female,162.119.94.40
918,Hailey,Revie,hrevieph@netlog.com,Male,168.120.32.255
919,Abagail,Hestrop,ahestroppi@un.org,Female,170.16.225.113
920,Lyndsie,Wadlow,lwadlowpj@homestead.com,Female,199.137.241.216
921,Hyacinth,Frake,hfrakepk@chron.com,Female,102.220.22.182
922,Cory,Coneau,cconeaupl@w3.org,Female,62.59.187.76
923,Lyndsie,Windibank,lwindibankpm@ucoz.com,Female,43.2.169.198
924,Cross,Abry,cabrypn@wunderground.com,Male,84.202.122.207
925,Wade,Borell,wborellpo@census.gov,Male,38.160.237.147
926,Olenolin,Stockow,ostockowpp@mediafire.com,Male,212.26.182.136
927,Peter,Sunley,psunleypq@reverbnation.com,Male,51.62.61.179
928,Kizzie,Loffill,kloffillpr@miitbeian.gov.cn,Female,139.207.103.253
929,Fan,Arent,farentps@businesswire.com,Female,254.186.215.190
930,Zabrina,Blizard,zblizardpt@gmpg.org,Female,161.96.230.97
931,Rollins,Hacaud,rhacaudpu@illinois.edu,Male,67.235.107.93
932,Amos,Plowman,aplowmanpv@icio.us,Male,243.12.169.225
933,Isa,Peyntue,ipeyntuepw@yahoo.co.jp,Female,196.116.99.246
934,Ky,Caroll,kcarollpx@skype.com,Male,150.92.167.44
935,Tally,Rosenblatt,trosenblattpy@ow.ly,Male,145.0.21.236
936,Buckie,Kloser,bkloserpz@businesswire.com,Male,51.189.141.152
937,Kimble,Alpin,kalpinq0@thetimes.co.uk,Male,93.216.44.125
938,Radcliffe,Nicholes,rnicholesq1@japanpost.jp,Male,45.220.139.86
939,Buddie,Cawthorne,bcawthorneq2@answers.com,Male,128.157.217.164
940,Whitney,Roux,wrouxq3@feedburner.com,Male,237.25.91.155
941,Nessi,Gotecliffe,ngotecliffeq4@sakura.ne.jp,Female,247.165.19.133
942,Bond,Wapple,bwappleq5@businessinsider.com,Male,124.221.13.206
943,Margette,Margetts,mmargettsq6@wikia.com,Female,55.61.7.124
944,Nealson,Thurlbourne,nthurlbourneq7@wisc.edu,Male,241.215.104.205
945,Alan,Genicke,agenickeq8@springer.com,Male,54.225.206.188
946,Blanch,Hendrick,bhendrickq9@dagondesign.com,Female,112.156.136.65
947,Mariel,Baggallay,mbaggallayqa@google.com.hk,Female,199.122.21.86
948,Haze,Azemar,hazemarqb@liveinternet.ru,Male,226.208.115.48
949,Winston,Maidstone,wmaidstoneqc@wikispaces.com,Male,194.215.231.175
950,Holli,Currum,hcurrumqd@intel.com,Female,167.11.88.146
951,Gonzales,Demanche,gdemancheqe@tripadvisor.com,Male,216.244.90.63
952,Liam,Van Zon,lvanzonqf@bbc.co.uk,Male,96.198.90.227
953,Clyde,Killock,ckillockqg@nifty.com,Male,141.173.132.5
954,Germaine,Hedgecock,ghedgecockqh@over-blog.com,Female,146.27.108.136
955,Guntar,Falkous,gfalkousqi@amazon.com,Male,87.52.15.239
956,Norby,Mellmer,nmellmerqj@1688.com,Male,251.99.170.2
957,Marin,Neads,mneadsqk@cdc.gov,Female,110.79.61.26
958,Gerri,Tomik,gtomikql@unicef.org,Male,218.213.60.230
959,Brooks,Filby,bfilbyqm@1688.com,Male,14.130.205.165
960,Roy,Brookwell,rbrookwellqn@nasa.gov,Male,145.124.7.69
961,Jelene,Sholem,jsholemqo@over-blog.com,Female,253.224.40.20
962,Richmound,Hegerty,rhegertyqp@ifeng.com,Male,154.193.23.70
963,Nevsa,Berick,nberickqq@netscape.com,Female,68.230.237.188
964,Benedict,Cattonnet,bcattonnetqr@deviantart.com,Male,140.36.234.60
965,Devlen,Marchington,dmarchingtonqs@w3.org,Male,162.255.240.190
966,Engracia,Borel,eborelqt@ftc.gov,Female,25.212.150.146
967,Mei,Cullotey,mculloteyqu@youku.com,Female,221.17.253.75
968,Ravi,Milington,rmilingtonqv@cnn.com,Male,108.77.186.162
969,Merline,Lorrimer,mlorrimerqw@youku.com,Female,60.100.184.127
970,Paulita,Cheek,pcheekqx@gmpg.org,Female,224.130.189.216
971,Katherina,Dusting,kdustingqy@mysql.com,Female,18.171.173.250
972,Reube,Lukes,rlukesqz@buzzfeed.com,Male,164.96.244.56
973,Suzette,Edmeads,sedmeadsr0@pcworld.com,Female,174.183.117.44
974,Steve,Czajka,sczajkar1@purevolume.com,Male,16.198.194.119
975,Reinald,Gajownik,rgajownikr2@chron.com,Male,225.181.162.246
976,Doll,Cust,dcustr3@nature.com,Female,69.136.106.169
977,Edythe,Fuggle,efuggler4@sina.com.cn,Female,11.244.88.142
978,Ardith,Tutchener,atutchenerr5@nhs.uk,Female,66.227.122.170
979,Clarette,Waggett,cwaggettr6@ebay.co.uk,Female,110.82.157.26
980,Mathilde,Rix,mrixr7@npr.org,Female,182.119.95.246
981,Alvis,Farlambe,afarlamber8@hao123.com,Male,51.146.145.250
982,Gabbie,Bickerdike,gbickerdiker9@sbwire.com,Female,35.108.8.118
983,Jemmy,Rolse,jrolsera@amazon.com,Female,42.198.203.138
984,Matty,Gottschalk,mgottschalkrb@vistaprint.com,Female,162.19.75.163
985,Ara,Paute,apauterc@dell.com,Female,33.123.71.34
986,Morty,Cressy,mcressyrd@state.tx.us,Male,176.180.59.229
987,Josias,Roddan,jroddanre@zdnet.com,Male,201.180.58.212
988,Tobit,Domone,tdomonerf@time.com,Male,223.226.15.151
989,Tonya,Nan Carrow,tnancarrowrg@kickstarter.com,Female,39.188.134.173
990,Maxie,Keward,mkewardrh@constantcontact.com,Male,3.178.6.249
991,Joann,Ayris,jayrisri@github.com,Female,16.2.216.213
992,Tobit,Hesey,theseyrj@umich.edu,Male,186.161.116.73
993,Aube,Rizzolo,arizzolork@scientificamerican.com,Male,35.223.228.17
994,Almire,Brusin,abrusinrl@disqus.com,Female,25.186.65.68
995,Jimmy,Skough,jskoughrm@furl.net,Male,85.37.192.91
996,Haleigh,Gingedale,hgingedalern@hud.gov,Male,222.198.85.25
997,Jo,Combe,jcombero@furl.net,Male,93.232.186.232
998,Jessa,Caitlin,jcaitlinrp@msu.edu,Female,48.148.96.20
999,Grantley,Lownes,glownesrq@paginegialle.it,Male,252.221.128.247
1000,Aldus,Mingauld,amingauldrr@cargocollective.com,Male,136.239.187.220
